{"cameraMode":{"drawMode":0,"name":"Shaded","section":"Shading Mode"},"sceneLighting":false,"audioPlay":false,"sceneViewState":{"showFog":false,"showMaterialUpdate":false,"showSkybox":false,"showFlares":true,"showImageEffects":true,"showParticleSystems":true},"in2DMode":false,"pivot":{"x":2.9802322387695315e-8,"y":0.00007432699203491211,"z":-0.06079268455505371},"rotation":{"x":-0.051730334758758548,"y":0.9477380514144898,"z":-0.24008525907993318,"w":-0.20413130521774293},"size":0.813614547252655,"orthographic":false}