{"cameraMode":{"drawMode":0,"name":"Shaded","section":"Shading Mode"},"sceneLighting":false,"audioPlay":false,"sceneViewState":{"showFog":false,"showMaterialUpdate":false,"showSkybox":false,"showFlares":true,"showImageEffects":true,"showParticleSystems":true},"in2DMode":false,"pivot":{"x":-7.930000305175781,"y":5.280000686645508,"z":-208.69000244140626},"rotation":{"x":-0.04154537618160248,"y":-0.8540982604026794,"z":0.06736718118190766,"w":-0.5145082473754883},"size":6.442049503326416,"orthographic":false}