{"cameraMode":{"drawMode":0,"name":"Shaded","section":"Shading Mode"},"sceneLighting":true,"audioPlay":false,"sceneViewState":{"showFog":false,"showMaterialUpdate":false,"showSkybox":false,"showFlares":true,"showImageEffects":true,"showParticleSystems":true},"in2DMode":false,"pivot":{"x":-3.6347689628601076,"y":-2.5986852645874025,"z":0.344512939453125},"rotation":{"x":-0.0027106688357889654,"y":-0.9912258386611939,"z":-0.020511379465460779,"w":0.13070698082447053},"size":11.399882316589356,"orthographic":false}