{"cameraMode":{"drawMode":0,"name":"Shaded","section":"Shading Mode"},"sceneLighting":true,"audioPlay":false,"sceneViewState":{"showFog":false,"showMaterialUpdate":false,"showSkybox":true,"showFlares":true,"showImageEffects":true,"showParticleSystems":true},"in2DMode":false,"pivot":{"x":-603.5982666015625,"y":-806.2276000976563,"z":-2132.501953125},"rotation":{"x":0.28780505061149599,"y":0.514176070690155,"z":-0.18726082146167756,"w":0.7862622141838074},"size":3442.0419921875,"orthographic":false}