{"cameraMode":{"drawMode":0,"name":"Shaded","section":"Shading Mode"},"sceneLighting":false,"audioPlay":false,"sceneViewState":{"showFog":false,"showMaterialUpdate":false,"showSkybox":false,"showFlares":true,"showImageEffects":true,"showParticleSystems":true},"in2DMode":false,"pivot":{"x":-0.003512084484100342,"y":0.0820494294166565,"z":-0.36791855096817019},"rotation":{"x":0.07133442163467407,"y":0.7021210193634033,"z":-0.07100076228380203,"w":0.7050184011459351},"size":1.0632350444793702,"orthographic":false}