{"cameraMode":{"drawMode":0,"name":"Shaded","section":"Shading Mode"},"sceneLighting":true,"audioPlay":false,"sceneViewState":{"showFog":false,"showMaterialUpdate":false,"showSkybox":true,"showFlares":true,"showImageEffects":true,"showParticleSystems":true},"in2DMode":false,"pivot":{"x":175.59117126464845,"y":18.650531768798829,"z":651.7611083984375},"rotation":{"x":0.12362151592969895,"y":0.004362297710031271,"z":-0.0005026778089813888,"w":0.9925950169563294},"size":81.13592529296875,"orthographic":false}