{"cameraMode":{"drawMode":0,"name":"Shaded","section":"Shading Mode"},"sceneLighting":false,"audioPlay":false,"sceneViewState":{"showFog":false,"showMaterialUpdate":false,"showSkybox":false,"showFlares":true,"showImageEffects":true,"showParticleSystems":true},"in2DMode":false,"pivot":{"x":0.11394691467285156,"y":0.005031108856201172,"z":-0.06597900390625},"rotation":{"x":-0.04154537618160248,"y":-0.8540982604026794,"z":0.06736718118190766,"w":-0.5145082473754883},"size":20.675865173339845,"orthographic":false}