{"cameraMode":{"drawMode":0,"name":"Shaded","section":"Shading Mode"},"sceneLighting":false,"audioPlay":false,"sceneViewState":{"showFog":false,"showMaterialUpdate":false,"showSkybox":false,"showFlares":true,"showImageEffects":true,"showParticleSystems":true},"in2DMode":false,"pivot":{"x":-2.6737756729125978,"y":5.756378173828125,"z":1.8188709020614625},"rotation":{"x":0.021183302626013757,"y":0.9760341048240662,"z":-0.11056783050298691,"w":0.18665120005607606},"size":6.585725784301758,"orthographic":false}