{"cameraMode":{"drawMode":0,"name":"Shaded","section":"Shading Mode"},"sceneLighting":true,"audioPlay":false,"sceneViewState":{"showFog":false,"showMaterialUpdate":false,"showSkybox":true,"showFlares":true,"showImageEffects":true,"showParticleSystems":true},"in2DMode":false,"pivot":{"x":178.9119110107422,"y":-12.893787384033204,"z":689.50048828125},"rotation":{"x":0.19762356579303742,"y":0.01914277859032154,"z":-0.00314907543361187,"w":0.9803499579429627},"size":126.97759246826172,"orthographic":false}