{"cameraMode":{"drawMode":0,"name":"Shaded","section":"Shading Mode"},"sceneLighting":true,"audioPlay":false,"sceneViewState":{"showFog":false,"showMaterialUpdate":false,"showSkybox":false,"showFlares":true,"showImageEffects":true,"showParticleSystems":true},"in2DMode":false,"pivot":{"x":-1.8767895698547364,"y":10.71180248260498,"z":3.8903236389160158},"rotation":{"x":0.029028072953224183,"y":-0.9694845676422119,"z":0.14481621980667115,"w":0.19678182899951936},"size":6.8074469566345219,"orthographic":false}