{"cameraMode":{"drawMode":0,"name":"Shaded","section":"Shading Mode"},"sceneLighting":false,"audioPlay":false,"sceneViewState":{"showFog":false,"showMaterialUpdate":false,"showSkybox":false,"showFlares":true,"showImageEffects":true,"showParticleSystems":true},"in2DMode":false,"pivot":{"x":10.029999732971192,"y":5.280000686645508,"z":-221.16000366210938},"rotation":{"x":-0.23295676708221436,"y":-0.5608934164047241,"z":0.1671091467142105,"w":-0.7769506573677063},"size":6.442049503326416,"orthographic":false}