{"cameraMode":{"drawMode":0,"name":"Shaded","section":"Shading Mode"},"sceneLighting":false,"audioPlay":false,"sceneViewState":{"showFog":false,"showMaterialUpdate":false,"showSkybox":false,"showFlares":true,"showImageEffects":true,"showParticleSystems":true},"in2DMode":false,"pivot":{"x":-0.2995234429836273,"y":0.2992762327194214,"z":0.005342323333024979},"rotation":{"x":-0.02758713811635971,"y":-0.04083754122257233,"z":0.0010672893840819598,"w":-0.9988940358161926},"size":0.5309016704559326,"orthographic":false}