{"cameraMode":{"drawMode":0,"name":"Shaded","section":"Shading Mode"},"sceneLighting":false,"audioPlay":false,"sceneViewState":{"showFog":false,"showMaterialUpdate":false,"showSkybox":false,"showFlares":true,"showImageEffects":true,"showParticleSystems":true},"in2DMode":false,"pivot":{"x":2.0571682453155519,"y":9.498183250427246,"z":3.757032871246338},"rotation":{"x":0.25546595454216006,"y":0.34983742237091067,"z":-0.09978464990854263,"w":0.8958150148391724},"size":35.70549392700195,"orthographic":false}