{"cameraMode":{"drawMode":0,"name":"Shaded","section":"Shading Mode"},"sceneLighting":true,"audioPlay":false,"sceneViewState":{"showFog":false,"showMaterialUpdate":false,"showSkybox":true,"showFlares":true,"showImageEffects":true,"showParticleSystems":true},"in2DMode":false,"pivot":{"x":1130.5389404296875,"y":-370.5655212402344,"z":-1287.6759033203125},"rotation":{"x":0.28871530294418337,"y":0.3367255926132202,"z":-0.1092824935913086,"w":0.8896385431289673},"size":353.7589111328125,"orthographic":false}