{"cameraMode":{"drawMode":0,"name":"Shaded","section":"Shading Mode"},"sceneLighting":false,"audioPlay":false,"sceneViewState":{"showFog":false,"showMaterialUpdate":false,"showSkybox":false,"showFlares":true,"showImageEffects":true,"showParticleSystems":true},"in2DMode":false,"pivot":{"x":0.016056641936302186,"y":0.016039013862609865,"z":0.00037211179733276367},"rotation":{"x":-0.06260465085506439,"y":-0.9329012632369995,"z":0.19794654846191407,"w":-0.29464292526245119},"size":0.7183470129966736,"orthographic":false}