{"cameraMode":{"drawMode":0,"name":"Shaded","section":"Shading Mode"},"sceneLighting":false,"audioPlay":false,"sceneViewState":{"showFog":false,"showMaterialUpdate":false,"showSkybox":false,"showFlares":true,"showImageEffects":true,"showParticleSystems":true},"in2DMode":false,"pivot":{"x":33.391029357910159,"y":11.74355697631836,"z":-239.61361694335938},"rotation":{"x":-0.041002556681632999,"y":-0.955840528011322,"z":0.15573452413082124,"w":-0.2467477172613144},"size":26.132102966308595,"orthographic":false}