{"cameraMode":{"drawMode":0,"name":"Shaded","section":"Shading Mode"},"sceneLighting":false,"audioPlay":false,"sceneViewState":{"showFog":false,"showMaterialUpdate":false,"showSkybox":false,"showFlares":true,"showImageEffects":true,"showParticleSystems":true},"in2DMode":false,"pivot":{"x":0.0,"y":-3.725290298461914e-9,"z":-0.021968066692352296},"rotation":{"x":-0.13031108677387238,"y":0.7439330816268921,"z":-0.1520708054304123,"w":-0.6376985907554627},"size":1.1177217960357667,"orthographic":false}