{"cameraMode":{"drawMode":0,"name":"Shaded","section":"Shading Mode"},"sceneLighting":true,"audioPlay":false,"sceneViewState":{"showFog":false,"showMaterialUpdate":false,"showSkybox":false,"showFlares":true,"showImageEffects":true,"showParticleSystems":true},"in2DMode":false,"pivot":{"x":1018.08935546875,"y":-337.78125,"z":-421.30096435546877},"rotation":{"x":0.0050860061310231689,"y":-0.4478893280029297,"z":-0.0025528420228511097,"w":-0.8940870761871338},"size":24.517248153686525,"orthographic":false}