{"cameraMode":{"drawMode":0,"name":"Shaded","section":"Shading Mode"},"sceneLighting":false,"audioPlay":false,"sceneViewState":{"showFog":false,"showMaterialUpdate":false,"showSkybox":false,"showFlares":true,"showImageEffects":true,"showParticleSystems":true},"in2DMode":false,"pivot":{"x":-0.2858133316040039,"y":-0.006909370422363281,"z":-0.1993408203125},"rotation":{"x":-0.047627631574869159,"y":-0.8313332796096802,"z":0.07055816799402237,"w":-0.5496412515640259},"size":8.7498140335083,"orthographic":false}