{"cameraMode":{"drawMode":0,"name":"Shaded","section":"Shading Mode"},"sceneLighting":false,"audioPlay":false,"sceneViewState":{"showFog":false,"showMaterialUpdate":false,"showSkybox":false,"showFlares":true,"showImageEffects":true,"showParticleSystems":true},"in2DMode":false,"pivot":{"x":581.3881225585938,"y":242.39512634277345,"z":-16.77863883972168},"rotation":{"x":0.08207860589027405,"y":-0.027886176481842996,"z":0.003090266138315201,"w":0.9964635372161865},"size":802.9130859375,"orthographic":false}