{"cameraMode":{"drawMode":0,"name":"Shaded","section":"Shading Mode"},"sceneLighting":true,"audioPlay":false,"sceneViewState":{"showFog":false,"showMaterialUpdate":false,"showSkybox":false,"showFlares":true,"showImageEffects":true,"showParticleSystems":true},"in2DMode":false,"pivot":{"x":8.083282470703125,"y":26.479724884033204,"z":-11.039505004882813},"rotation":{"x":-0.03780965879559517,"y":-0.8764786124229431,"z":0.0678257867693901,"w":-0.4756230413913727},"size":35.98826217651367,"orthographic":false}