{"cameraMode":{"drawMode":0,"name":"Shaded","section":"Shading Mode"},"sceneLighting":false,"audioPlay":false,"sceneViewState":{"showFog":false,"showMaterialUpdate":false,"showSkybox":false,"showFlares":true,"showImageEffects":true,"showParticleSystems":true},"in2DMode":false,"pivot":{"x":1.9193406105041505,"y":0.47005435824394228,"z":-5.219423294067383},"rotation":{"x":0.11332949995994568,"y":0.5764849185943604,"z":-0.08110997080802918,"w":0.805223822593689},"size":10.392304420471192,"orthographic":false}