{"cameraMode":{"drawMode":0,"name":"Shaded","section":"Shading Mode"},"sceneLighting":true,"audioPlay":false,"sceneViewState":{"showFog":false,"showMaterialUpdate":false,"showSkybox":true,"showFlares":true,"showImageEffects":true,"showParticleSystems":true},"in2DMode":false,"pivot":{"x":744.090576171875,"y":-17.154264450073243,"z":2931.426025390625},"rotation":{"x":-0.14076511561870576,"y":0.8573490977287293,"z":-0.3180285096168518,"w":-0.3794795870780945},"size":933.6537475585938,"orthographic":false}