{"cameraMode":{"drawMode":0,"name":"Shaded","section":"Shading Mode"},"sceneLighting":false,"audioPlay":false,"sceneViewState":{"showFog":false,"showMaterialUpdate":false,"showSkybox":false,"showFlares":true,"showImageEffects":true,"showParticleSystems":true},"in2DMode":false,"pivot":{"x":12.696029663085938,"y":163.30393981933595,"z":59.294925689697269},"rotation":{"x":0.14193294942378999,"y":0.34162047505378725,"z":-0.05223141238093376,"w":0.9276736974716187},"size":376.2238464355469,"orthographic":false}