{"cameraMode":{"drawMode":0,"name":"Shaded","section":"Shading Mode"},"sceneLighting":true,"audioPlay":false,"sceneViewState":{"showFog":true,"showMaterialUpdate":true,"showSkybox":true,"showFlares":true,"showImageEffects":true,"showParticleSystems":true},"in2DMode":false,"pivot":{"x":828.0655517578125,"y":-23.33892822265625,"z":-904.3372192382813},"rotation":{"x":0.15753214061260224,"y":0.2053011804819107,"z":-0.03693549707531929,"w":0.9663454294204712},"size":710.011474609375,"orthographic":false}