{"cameraMode":{"drawMode":0,"name":"Shaded","section":"Shading Mode"},"sceneLighting":false,"audioPlay":false,"sceneViewState":{"showFog":true,"showMaterialUpdate":true,"showSkybox":false,"showFlares":true,"showImageEffects":true,"showParticleSystems":true},"in2DMode":false,"pivot":{"x":138.79171752929688,"y":6.207337379455566,"z":-260.23590087890627},"rotation":{"x":0.1607651561498642,"y":0.28830504417419436,"z":-0.05276996269822121,"w":0.9435798525810242},"size":15.648195266723633,"orthographic":false}