{"cameraMode":{"drawMode":0,"name":"Shaded","section":"Shading Mode"},"sceneLighting":true,"audioPlay":false,"sceneViewState":{"showFog":true,"showMaterialUpdate":false,"showSkybox":false,"showFlares":true,"showImageEffects":true,"showParticleSystems":true},"in2DMode":false,"pivot":{"x":84.99417114257813,"y":145.43844604492188,"z":50.0},"rotation":{"x":0.09465494006872177,"y":0.24814653396606446,"z":-0.024201668798923494,"w":0.9642722606658936},"size":101.18898010253906,"orthographic":false}