{"cameraMode":{"drawMode":0,"name":"Shaded","section":"Shading Mode"},"sceneLighting":false,"audioPlay":false,"sceneViewState":{"showFog":true,"showMaterialUpdate":true,"showSkybox":false,"showFlares":true,"showImageEffects":true,"showParticleSystems":true},"in2DMode":false,"pivot":{"x":251.20001220703126,"y":28.42318344116211,"z":147.885498046875},"rotation":{"x":0.2059534192085266,"y":0.24041633307933808,"z":-0.055920105427503589,"w":0.9480230808258057},"size":13.487157821655274,"orthographic":false}