{"cameraMode":{"drawMode":0,"name":"Shaded","section":"Shading Mode"},"sceneLighting":true,"audioPlay":false,"sceneViewState":{"showFog":true,"showMaterialUpdate":true,"showSkybox":false,"showFlares":true,"showImageEffects":true,"showParticleSystems":true},"in2DMode":false,"pivot":{"x":1017.7833251953125,"y":-348.4915466308594,"z":-421.08538818359377},"rotation":{"x":-0.2246977537870407,"y":-0.6168498396873474,"z":0.19280917942523957,"w":-0.7304659485816956},"size":16.902427673339845,"orthographic":false}