{"cameraMode":{"drawMode":0,"name":"Shaded","section":"Shading Mode"},"sceneLighting":true,"audioPlay":false,"sceneViewState":{"showFog":true,"showMaterialUpdate":true,"showSkybox":true,"showFlares":true,"showImageEffects":true,"showParticleSystems":true},"in2DMode":false,"pivot":{"x":2015.80419921875,"y":-2043.231689453125,"z":-1085.98046875},"rotation":{"x":0.3089890778064728,"y":0.46110352873802187,"z":-0.1790202558040619,"w":0.813419759273529},"size":4326.8916015625,"orthographic":false}