{"cameraMode":{"drawMode":0,"name":"Shaded","section":"Shading Mode"},"sceneLighting":false,"audioPlay":false,"sceneViewState":{"showFog":true,"showMaterialUpdate":false,"showSkybox":false,"showFlares":true,"showImageEffects":true,"showParticleSystems":true},"in2DMode":false,"pivot":{"x":-155.60000610351563,"y":12.696893692016602,"z":80.27186584472656},"rotation":{"x":0.14631710946559907,"y":0.16236397624015809,"z":-0.02435125596821308,"w":0.9759910106658936},"size":17.952360153198243,"orthographic":false}