{"cameraMode":{"drawMode":0,"name":"Shaded","section":"Shading Mode"},"sceneLighting":true,"audioPlay":false,"sceneViewState":{"showFog":false,"showMaterialUpdate":false,"showSkybox":true,"showFlares":true,"showImageEffects":true,"showParticleSystems":true},"in2DMode":false,"pivot":{"x":1573.997314453125,"y":131.83465576171876,"z":3412.09423828125},"rotation":{"x":0.2765949070453644,"y":-0.38168099522590639,"z":0.12085641175508499,"w":0.8736799955368042},"size":957.9577026367188,"orthographic":false}