{"cameraMode":{"drawMode":0,"name":"Shaded","section":"Shading Mode"},"sceneLighting":false,"audioPlay":false,"sceneViewState":{"showFog":true,"showMaterialUpdate":false,"showSkybox":false,"showFlares":true,"showImageEffects":true,"showParticleSystems":true},"in2DMode":false,"pivot":{"x":-0.020483016967773439,"y":11.5,"z":-3.375138282775879},"rotation":{"x":0.09178593754768372,"y":-0.4666776955127716,"z":0.048744142055511478,"w":0.8783357739448547},"size":72.66226196289063,"orthographic":false}