{"cameraMode":{"drawMode":0,"name":"Shaded","section":"Shading Mode"},"sceneLighting":true,"audioPlay":false,"sceneViewState":{"showFog":false,"showMaterialUpdate":false,"showSkybox":true,"showFlares":true,"showImageEffects":true,"showParticleSystems":true},"in2DMode":false,"pivot":{"x":1256.20068359375,"y":-491.73284912109377,"z":-510.9469299316406},"rotation":{"x":0.2095137983560562,"y":0.5073577165603638,"z":-0.12869487702846528,"w":0.8260031938552856},"size":347.9576110839844,"orthographic":false}