{"cameraMode":{"drawMode":0,"name":"Shaded","section":"Shading Mode"},"sceneLighting":true,"audioPlay":false,"sceneViewState":{"showFog":true,"showMaterialUpdate":false,"showSkybox":true,"showFlares":true,"showImageEffects":true,"showParticleSystems":true},"in2DMode":false,"pivot":{"x":30.274402618408204,"y":20.79744529724121,"z":-244.63919067382813},"rotation":{"x":-0.2018190175294876,"y":-0.10058523714542389,"z":0.020840464159846307,"w":-0.9740269780158997},"size":28.702577590942384,"orthographic":false}