{"cameraMode":{"drawMode":0,"name":"Shaded","section":"Shading Mode"},"sceneLighting":false,"audioPlay":false,"sceneViewState":{"showFog":true,"showMaterialUpdate":false,"showSkybox":false,"showFlares":true,"showImageEffects":true,"showParticleSystems":true},"in2DMode":false,"pivot":{"x":-0.004000000189989805,"y":-0.0010000000474974514,"z":-0.09600000083446503},"rotation":{"x":0.0765969529747963,"y":-0.7803005576133728,"z":0.09629911929368973,"w":0.6137857437133789},"size":0.6127299070358276,"orthographic":false}