{"cameraMode":{"drawMode":0,"name":"Shaded","section":"Shading Mode"},"sceneLighting":false,"audioPlay":false,"sceneViewState":{"showFog":true,"showMaterialUpdate":false,"showSkybox":false,"showFlares":true,"showImageEffects":true,"showParticleSystems":true},"in2DMode":false,"pivot":{"x":0.0,"y":2.9802322387695315e-8,"z":-5.960464477539063e-8},"rotation":{"x":-0.03251451998949051,"y":0.9394779801368713,"z":-0.3313954174518585,"w":-0.08578246086835861},"size":0.5276073813438416,"orthographic":false}