{"cameraMode":{"drawMode":0,"name":"Shaded","section":"Shading Mode"},"sceneLighting":true,"audioPlay":false,"sceneViewState":{"showFog":true,"showMaterialUpdate":false,"showSkybox":true,"showFlares":true,"showImageEffects":true,"showParticleSystems":true},"in2DMode":false,"pivot":{"x":-3.066802978515625,"y":13.617852210998536,"z":-149.37193298339845},"rotation":{"x":0.0005905381985940039,"y":-0.7537746429443359,"z":-0.00010052396828541532,"w":0.6574913263320923},"size":9.29248046875,"orthographic":false}