{"cameraMode":{"drawMode":0,"name":"Shaded","section":"Shading Mode"},"sceneLighting":true,"audioPlay":false,"sceneViewState":{"showFog":true,"showMaterialUpdate":false,"showSkybox":true,"showFlares":true,"showImageEffects":true,"showParticleSystems":true},"in2DMode":false,"pivot":{"x":394.322265625,"y":-0.5528113842010498,"z":5854.7822265625},"rotation":{"x":0.07273641973733902,"y":-0.9288509488105774,"z":0.20130786299705506,"w":0.30548906326293948},"size":145.0790252685547,"orthographic":false}