{"cameraMode":{"drawMode":0,"name":"Shaded","section":"Shading Mode"},"sceneLighting":true,"audioPlay":false,"sceneViewState":{"showFog":true,"showMaterialUpdate":false,"showSkybox":true,"showFlares":true,"showImageEffects":true,"showParticleSystems":true},"in2DMode":false,"pivot":{"x":-149.92227172851563,"y":12.209600448608399,"z":-213.20001220703126},"rotation":{"x":0.14039283990859986,"y":-0.08432582765817642,"z":0.011702488176524639,"w":0.9866971373558044},"size":23.32789421081543,"orthographic":false}