{"cameraMode":{"drawMode":0,"name":"Shaded","section":"Shading Mode"},"sceneLighting":false,"audioPlay":false,"sceneViewState":{"showFog":true,"showMaterialUpdate":false,"showSkybox":false,"showFlares":true,"showImageEffects":true,"showParticleSystems":true},"in2DMode":false,"pivot":{"x":0.0,"y":2.9802322387695315e-8,"z":-5.960464477539063e-8},"rotation":{"x":-0.03862692043185234,"y":0.9622572064399719,"z":-0.21866798400878907,"w":-0.16004009544849397},"size":1.1276073455810547,"orthographic":false}