{"cameraMode":{"drawMode":0,"name":"Shaded","section":"Shading Mode"},"sceneLighting":false,"audioPlay":false,"sceneViewState":{"showFog":true,"showMaterialUpdate":false,"showSkybox":false,"showFlares":true,"showImageEffects":true,"showParticleSystems":true},"in2DMode":false,"pivot":{"x":-78.4945068359375,"y":2.3445606231689455,"z":-279.5089416503906},"rotation":{"x":-0.35237058997154238,"y":-0.6440650224685669,"z":0.44012847542762759,"w":-0.5175250172615051},"size":8.41621208190918,"orthographic":false}