{"cameraMode":{"drawMode":0,"name":"Shaded","section":"Shading Mode"},"sceneLighting":false,"audioPlay":false,"sceneViewState":{"showFog":true,"showMaterialUpdate":false,"showSkybox":false,"showFlares":true,"showImageEffects":true,"showParticleSystems":true},"in2DMode":false,"pivot":{"x":0.0,"y":2.9802322387695315e-8,"z":-5.960464477539063e-8},"rotation":{"x":-0.055374935269355777,"y":0.9412252902984619,"z":-0.1753157377243042,"w":-0.2848716378211975},"size":0.5276073813438416,"orthographic":false}