{"cameraMode":{"drawMode":0,"name":"Shaded","section":"Shading Mode"},"sceneLighting":false,"audioPlay":false,"sceneViewState":{"showFog":true,"showMaterialUpdate":false,"showSkybox":false,"showFlares":true,"showImageEffects":true,"showParticleSystems":true},"in2DMode":false,"pivot":{"x":0.1443532109260559,"y":1.8081556558609009,"z":-0.0004513263702392578},"rotation":{"x":-0.0653427466750145,"y":0.9347887635231018,"z":-0.2738814353942871,"w":-0.21828842163085938},"size":5.544975757598877,"orthographic":false}