{"cameraMode":{"drawMode":0,"name":"Shaded","section":"Shading Mode"},"sceneLighting":true,"audioPlay":false,"sceneViewState":{"showFog":true,"showMaterialUpdate":false,"showSkybox":true,"showFlares":true,"showImageEffects":true,"showParticleSystems":true},"in2DMode":false,"pivot":{"x":-122.7679443359375,"y":-14.849573135375977,"z":-100.7970962524414},"rotation":{"x":-0.20127995312213899,"y":0.0897907167673111,"z":-0.018383832648396493,"w":-0.9757742285728455},"size":92.70732879638672,"orthographic":false}