{"cameraMode":{"drawMode":0,"name":"Shaded","section":"Shading Mode"},"sceneLighting":false,"audioPlay":false,"sceneViewState":{"showFog":true,"showMaterialUpdate":false,"showSkybox":false,"showFlares":true,"showImageEffects":true,"showParticleSystems":true},"in2DMode":false,"pivot":{"x":-2.764841318130493,"y":6.754238128662109,"z":0.09382057189941406},"rotation":{"x":-0.1362975537776947,"y":-0.20487262308597566,"z":0.02925322763621807,"w":-0.9691739678382874},"size":12.946722030639649,"orthographic":false}