{"cameraMode":{"drawMode":0,"name":"Shaded","section":"Shading Mode"},"sceneLighting":false,"audioPlay":false,"sceneViewState":{"showFog":true,"showMaterialUpdate":false,"showSkybox":false,"showFlares":true,"showImageEffects":true,"showParticleSystems":true},"in2DMode":false,"pivot":{"x":4.76837158203125e-7,"y":9.039379119873047,"z":4.890098571777344},"rotation":{"x":-0.3525870740413666,"y":0.288381963968277,"z":-0.11858714371919632,"w":-0.8835353851318359},"size":20.828903198242189,"orthographic":false}