{"cameraMode":{"drawMode":0,"name":"Shaded","section":"Shading Mode"},"sceneLighting":true,"audioPlay":false,"sceneViewState":{"showFog":true,"showMaterialUpdate":false,"showSkybox":true,"showFlares":true,"showImageEffects":true,"showParticleSystems":true},"in2DMode":false,"pivot":{"x":-64.4588623046875,"y":2.339505672454834,"z":-231.9697265625},"rotation":{"x":0.24745434522628785,"y":-0.5254687070846558,"z":0.16224119067192079,"w":0.7980567812919617},"size":21.168153762817384,"orthographic":false}