{"cameraMode":{"drawMode":0,"name":"Shaded","section":"Shading Mode"},"sceneLighting":false,"audioPlay":false,"sceneViewState":{"showFog":true,"showMaterialUpdate":false,"showSkybox":false,"showFlares":true,"showImageEffects":true,"showParticleSystems":true},"in2DMode":false,"pivot":{"x":-0.17969533801078797,"y":-0.21562981605529786,"z":0.0},"rotation":{"x":0.22228190302848817,"y":-0.1535983830690384,"z":0.03490503132343292,"w":0.9627957940101624},"size":19.95937728881836,"orthographic":false}