{"cameraMode":{"drawMode":0,"name":"Shaded","section":"Shading Mode"},"sceneLighting":false,"audioPlay":false,"sceneViewState":{"showFog":true,"showMaterialUpdate":false,"showSkybox":false,"showFlares":true,"showImageEffects":true,"showParticleSystems":true},"in2DMode":false,"pivot":{"x":1827.3843994140625,"y":20.969364166259767,"z":2818.99609375},"rotation":{"x":0.20309272408485413,"y":-0.4183538556098938,"z":0.09335537254810333,"w":0.8808247447013855},"size":26.842029571533204,"orthographic":false}