{"cameraMode":{"drawMode":0,"name":"Shaded","section":"Shading Mode"},"sceneLighting":true,"audioPlay":false,"sceneViewState":{"showFog":true,"showMaterialUpdate":false,"showSkybox":true,"showFlares":true,"showImageEffects":true,"showParticleSystems":true},"in2DMode":false,"pivot":{"x":11.83394718170166,"y":7.125030994415283,"z":-237.885986328125},"rotation":{"x":0.17777451872825623,"y":-0.36896705627441409,"z":0.0704033374786377,"w":0.9099732637405396},"size":42.34043884277344,"orthographic":false}