{"cameraMode":{"drawMode":0,"name":"Shaded","section":"Shading Mode"},"sceneLighting":true,"audioPlay":false,"sceneViewState":{"showFog":true,"showMaterialUpdate":false,"showSkybox":true,"showFlares":true,"showImageEffects":true,"showParticleSystems":true},"in2DMode":false,"pivot":{"x":-159.12460327148438,"y":18.41938018798828,"z":-209.60000610351563},"rotation":{"x":0.16565048694610597,"y":0.8288481831550598,"z":-0.3240129053592682,"w":0.4258044362068176},"size":32.11922836303711,"orthographic":false}