{"cameraMode":{"drawMode":0,"name":"Shaded","section":"Shading Mode"},"sceneLighting":false,"audioPlay":false,"sceneViewState":{"showFog":true,"showMaterialUpdate":false,"showSkybox":false,"showFlares":true,"showImageEffects":true,"showParticleSystems":true},"in2DMode":false,"pivot":{"x":4.76837158203125e-7,"y":9.039379119873047,"z":4.890098571777344},"rotation":{"x":-0.05550750717520714,"y":0.8447897434234619,"z":-0.0939738005399704,"w":-0.5259268283843994},"size":20.828903198242189,"orthographic":false}