{"cameraMode":{"drawMode":0,"name":"Shaded","section":"Shading Mode"},"sceneLighting":false,"audioPlay":false,"sceneViewState":{"showFog":true,"showMaterialUpdate":false,"showSkybox":false,"showFlares":true,"showImageEffects":true,"showParticleSystems":true},"in2DMode":false,"pivot":{"x":0.12284476310014725,"y":-7.450580596923828e-9,"z":0.0},"rotation":{"x":-0.02462146244943142,"y":0.9634937644004822,"z":-0.25293776392936709,"w":-0.0902751237154007},"size":2.1792211532592775,"orthographic":false}