{"cameraMode":{"drawMode":0,"name":"Shaded","section":"Shading Mode"},"sceneLighting":true,"audioPlay":false,"sceneViewState":{"showFog":true,"showMaterialUpdate":false,"showSkybox":true,"showFlares":true,"showImageEffects":true,"showParticleSystems":true},"in2DMode":false,"pivot":{"x":-70.57801055908203,"y":71.06707763671875,"z":-210.12750244140626},"rotation":{"x":-0.20788389444351197,"y":-0.506604015827179,"z":0.12744227051734925,"w":-0.8270385265350342},"size":87.22294616699219,"orthographic":false}